model,selection,tau,precision,recall,f1,alerts_per_hour,lead_time
GBM,max_f1,0.45,0.3978912319644839,0.6045531197301856,0.4799196787143806,2.887704819518449,95.0
GBM,recall>=0.90_min_alerts,0.35,0.2962219993313273,0.7470489038785835,0.42422791477096033,4.793077200432675,145.0
CNN,max_f1,0.62,0.18,0.5172413793103449,0.2670623145396763,5.317891751359016,209.0
CNN,recall>=0.90_min_alerts,0.35,0.1058475203552923,0.8218390804597702,0.18754098360635507,14.368943512172065,217.0
CNN+Uncertainty,max_f1,0.48,0.0823723228995057,0.5747126436781609,0.14409221901995353,12.911841172299692,181.5
CNN+Uncertainty,recall>=0.90_min_alerts,0.45,0.0720606826801517,0.6551724137931034,0.12984054669686015,16.82580950129993,204.0
