{
  "arch": "cnn",
  "tol_sec": 0,
  "rows": {
    "train": 102615,
    "val": 29494,
    "test": 33181
  },
  "missing_rate_after_join": 0.0,
  "n_features": 91,
  "val": {
    "auroc": 0.8247150597467308,
    "auprc": 0.3820652369169893
  },
  "test": {
    "auroc": 0.8036586542068094,
    "auprc": 0.3110716872347993
  },
  "feature_cols_sample": [
    "emb_000",
    "emb_001",
    "emb_002",
    "emb_003",
    "emb_004",
    "emb_005",
    "emb_006",
    "emb_007",
    "emb_008",
    "emb_009",
    "emb_010",
    "emb_011",
    "emb_012",
    "emb_013",
    "emb_014",
    "emb_015",
    "emb_016",
    "emb_017",
    "emb_018",
    "emb_019",
    "emb_020",
    "emb_021",
    "emb_022",
    "emb_023",
    "emb_024",
    "emb_025",
    "emb_026",
    "emb_027",
    "emb_028",
    "emb_029",
    "emb_030",
    "emb_031",
    "emb_032",
    "emb_033",
    "emb_034",
    "emb_035",
    "emb_036",
    "emb_037",
    "emb_038",
    "emb_039",
    "emb_040",
    "emb_041",
    "emb_042",
    "emb_043",
    "emb_044",
    "emb_045",
    "emb_046",
    "emb_047",
    "emb_048",
    "emb_049"
  ]
}